FIPS,State,County,Climate Region,MEDHINC16,GROC16,CONVS16,SUPERC16,PCT_OBESE_ADULTS17,RECFAC16,largest_group,FFR16,FSR16,PCTADTLHS16_20,PCTADTWHS16_20,PCTADTWC16_20,highest_education_pct
54049,WV,Marion,Ohio Valley,45712,9,35,1,38.1,4,White & Not Hispanic,39,33,9.77148175,40.48960811,26.66735601,HS Diploma
45091,SC,York,Southeast,61044,38,115,7,34.1,32,White & Not Hispanic,153,170,8.809141572,24.96743261,32.48414873,College Degree
12069,FL,Lake,Southeast,50125,37,146,7,28.4,27,White & Not Hispanic,152,243,10.02199433,32.0871142,33.50671376,College Degree
26057,MI,Gratiot,Upper Midwest,42642,5,26,2,32.3,1,White & Not Hispanic,23,17,7.941624455,40.32446601,35.21306365,HS Diploma
36019,NY,Clinton,Northeast,53392,20,53,2,25.7,5,White & Not Hispanic,39,76,11.95478916,36.31720041,27.30582524,HS Diploma
47043,TN,Dickson,Ohio Valley,52144,7,33,1,32.8,4,White & Not Hispanic,39,39,14.40426793,40.28668427,28.15649081,HS Diploma
37171,NC,Surry,Southeast,38843,15,52,2,32.1,5,White & Not Hispanic,58,70,20.13345108,29.12962418,32.87214209,College Degree
36113,NY,Warren,Northeast,55769,27,46,2,25.7,11,White & Not Hispanic,66,142,7.903665619,29.51229158,30.32826128,College Degree
19087,IA,Henry,Upper Midwest,50684,2,11,1,36.4,2,White & Not Hispanic,9,21,7.454558834,36.24254912,33.78467878,HS Diploma
41033,OR,Josephine,Northwest,38921,16,37,3,29.4,7,White & Not Hispanic,52,72,9.18559728,30.15144491,42.5405656,College Degree
41029,OR,Jackson,Northwest,48538,35,77,9,29.4,27,White & Not Hispanic,155,201,9.572105749,25.20090351,36.40314319,College Degree
42095,PA,Northampton,Northeast,65730,51,101,2,31.6,28,White & Not Hispanic,202,262,8.736091672,34.15468729,25.26740033,HS Diploma
45047,SC,Greenwood,Southeast,40599,15,50,2,34.1,4,White & Not Hispanic,55,48,14.50918395,31.86612028,29.52800949,HS Diploma
20079,KS,Harvey,South,56848,6,9,1,32.4,3,White & Not Hispanic,24,24,9.006307061,23.03179994,35.93260707,College Degree
37063,NC,Durham,Southeast,54255,52,120,6,32.1,45,White & Not Hispanic,286,239,10.39282034,17.71430917,22.4355408,College Degree
16027,ID,Canyon,Northwest,48461,25,56,5,29.3,10,White & Not Hispanic,109,84,13.73163128,31.0459281,35.06490701,College Degree
22019,LA,Calcasieu,South,47052,31,149,6,36.2,15,White & Not Hispanic,157,103,12.59187147,33.64892281,31.88023454,HS Diploma
36085,NY,Richmond,Northeast,75524,242,113,1,25.7,43,White & Not Hispanic,314,328,11.54210911,29.71889122,24.04192095,HS Diploma
47093,TN,Knox,Ohio Valley,52174,71,225,11,32.8,56,White & Not Hispanic,424,341,8.097228129,24.69712133,28.41799654,College Degree
37061,NC,Duplin,Southeast,38771,14,41,1,32.1,1,White & Not Hispanic,36,26,21.33110485,31.50148427,32.60408611,College Degree
39097,OH,Madison,Ohio Valley,60039,5,15,1,33.8,2,White & Not Hispanic,22,12,12.5982025,40.91194771,28.37659481,HS Diploma
29047,MO,Clay,Ohio Valley,65973,31,67,6,32.5,28,White & Not Hispanic,166,154,6.649187707,27.99506758,32.50607573,College Degree
17109,IL,McDonough,Ohio Valley,44460,8,15,1,31.1,2,White & Not Hispanic,23,30,4.775280899,30.78871998,32.05551884,College Degree
9003,CT,Hartford,Northeast,69341,258,315,7,26.9,142,White & Not Hispanic,598,814,10.00113749,26.18639845,25.30283781,HS Diploma
39159,OH,Union,Ohio Valley,78796,4,16,2,33.8,8,White & Not Hispanic,29,30,5.747038399,32.18188317,26.52420343,HS Diploma
54003,WV,Berkeley,Ohio Valley,56966,12,41,2,38.1,10,White & Not Hispanic,57,60,9.693927763,37.39420333,30.10161401,HS Diploma
12117,FL,Seminole,Southeast,61253,64,171,10,28.4,54,White & Not Hispanic,320,330,5.552579572,20.48101978,32.92718727,College Degree
35001,NM,Bernalillo,Southwest,50599,78,225,15,28.4,72,Hispanic,568,445,10.00640509,22.92425187,31.78774266,College Degree
41071,OR,Yamhill,Northwest,60643,21,31,3,29.4,8,White & Not Hispanic,46,82,10.36234007,24.33691906,37.95432032,College Degree
20151,KS,Pratt,South,51419,2,2,1,32.4,2,White & Not Hispanic,10,12,8.308507117,24.82621648,37.37173121,College Degree
49003,UT,Box Elder,Southwest,57875,5,19,1,25.3,4,White & Not Hispanic,32,19,7.106397286,30.37258917,38.82079653,College Degree
53001,WA,Adams,Northwest,48698,6,13,1,27.7,1,Hispanic,9,10,31.09399647,31.68785376,23.40168878,HS Diploma
44009,RI,Washington,Northeast,77000,28,39,2,30,23,White & Not Hispanic,100,177,5.307323578,22.07074132,26.64122401,College Degree
39011,OH,Auglaize,Ohio Valley,59543,6,20,1,33.8,6,White & Not Hispanic,40,27,6.851518271,43.14526505,30.82861554,HS Diploma
37193,NC,Wilkes,Southeast,41640,12,41,1,32.1,2,White & Not Hispanic,38,41,18.47137637,31.57531466,33.94031669,College Degree
45035,SC,Dorchester,Southeast,58167,19,54,1,34.1,10,White & Not Hispanic,76,78,11.02197964,26.10541405,34.66295439,College Degree
48471,TX,Walker,South,42709,9,41,1,33,3,White & Not Hispanic,40,41,14.02663583,39.91521069,27.04051045,HS Diploma
26073,MI,Isabella,Upper Midwest,42924,10,37,3,32.3,5,White & Not Hispanic,37,44,7.535875988,32.29222623,30.62440846,HS Diploma
27145,MN,Stearns,Upper Midwest,57881,31,60,4,28.4,21,White & Not Hispanic,109,118,8.098460173,28.21301441,35.8778626,College Degree
40101,OK,Muskogee,South,40581,14,35,1,36.5,3,White & Not Hispanic,55,42,13.78954985,34.54732826,31.87887824,HS Diploma
53057,WA,Skagit,Northwest,60442,32,51,3,27.7,12,White & Not Hispanic,77,119,9.401880376,25.58733969,37.5708475,College Degree
13059,GA,Clarke,Southeast,36692,23,67,2,31.6,26,White & Not Hispanic,114,129,10.5390252,19.86649273,24.24086821,College Degree
39157,OH,Tuscarawas,Ohio Valley,50273,18,39,1,33.8,5,White & Not Hispanic,79,72,12.87148909,45.22203044,24.04205241,HS Diploma
31109,NE,Lancaster,Northern Rockies & Plains,58873,45,97,7,32.8,51,White & Not Hispanic,299,205,6.766951694,21.07053166,32.39707991,College Degree
16011,ID,Bingham,Northwest,51586,6,18,1,29.3,2,White & Not Hispanic,17,20,10.58464849,33.08106169,35.84648494,College Degree
18135,IN,Randolph,Ohio Valley,46750,4,13,1,33.6,3,White & Not Hispanic,9,18,11.29398081,42.02384414,30.29950567,HS Diploma
27147,MN,Steele,Upper Midwest,60619,8,13,1,28.4,4,White & Not Hispanic,26,27,7.33484456,31.81670984,34.04711788,College Degree
42119,PA,Union,Northeast,57013,3,14,1,31.6,6,White & Not Hispanic,27,33,12.15614357,40.99423631,21.40096935,HS Diploma
48219,TX,Hockley,South,46856,2,10,1,33,1,White & Not Hispanic,13,17,24.40517601,28.18978712,31.75177404,College Degree
42007,PA,Beaver,Northeast,54715,25,64,3,31.6,8,White & Not Hispanic,108,88,6.240283153,36.43858953,31.77615693,HS Diploma
35035,NM,Otero,Southwest,41995,9,20,1,28.4,4,White & Not Hispanic,30,36,13.17944899,28.05794355,39.88808412,College Degree
37135,NC,Orange,Southeast,65299,19,44,1,32.1,30,White & Not Hispanic,100,123,6.990425276,12.54245087,19.61723012,College Degree
29095,MO,Jackson,Ohio Valley,50822,107,264,13,32.5,64,White & Not Hispanic,492,558,8.726198897,28.11993788,31.0315311,College Degree
13297,GA,Walton,Southeast,55267,9,49,2,31.6,3,White & Not Hispanic,52,37,12.76452805,34.95209303,29.77910008,HS Diploma
39139,OH,Richland,Ohio Valley,44835,22,53,4,33.8,10,White & Not Hispanic,91,64,12.14250289,40.46595659,29.61056137,HS Diploma
12019,FL,Clay,Southeast,57476,21,76,4,28.4,19,White & Not Hispanic,114,105,7.923246295,29.68633914,36.23782572,College Degree
47055,TN,Giles,Ohio Valley,43238,6,28,1,32.8,2,White & Not Hispanic,22,12,12.868801,44.63759718,24.54488387,HS Diploma
41001,OR,Baker,Northwest,42177,3,8,1,29.4,2,White & Not Hispanic,9,26,8.779960053,29.39414115,36.8258988,College Degree
39095,OH,Lucas,Ohio Valley,45251,75,169,10,33.8,40,White & Not Hispanic,388,336,10.32135216,29.46461782,33.54251765,College Degree
51630,VA,Fredericksburg,Southeast,53714,6,17,1,30.1,4,White & Not Hispanic,47,88,7.836330526,23.32119281,26.3942636,College Degree
17093,IL,Kendall,Ohio Valley,91952,9,30,5,31.1,15,White & Not Hispanic,76,66,7.709781361,23.28119406,33.13292428,College Degree
41017,OR,Deschutes,Northwest,61248,38,44,8,29.4,29,White & Not Hispanic,150,207,6.20996162,21.5896931,35.02404086,College Degree
8071,CO,Las Animas,Southwest,38224,4,7,1,22.6,1,White & Not Hispanic,11,13,9.498327759,29.76588629,40.74534161,College Degree
48465,TX,Val Verde,South,42104,3,14,1,33,2,Hispanic,39,22,29.98283811,24.52131776,26.37547532,<HS Degree
21179,KY,Nelson,Ohio Valley,56239,6,22,1,34.3,5,White & Not Hispanic,28,24,7.904218346,35.91493161,36.86828428,College Degree
12095,FL,Orange,Southeast,51312,220,525,23,28.4,144,White & Not Hispanic,1030,1161,11.32470118,24.11688927,29.14349085,College Degree
36105,NY,Sullivan,Northeast,49016,30,52,1,25.7,4,White & Not Hispanic,53,90,13.03948232,32.31735909,28.08778017,HS Diploma
48467,TX,Van Zandt,South,49751,5,28,1,33,1,White & Not Hispanic,32,35,14.69921714,33.00113309,36.52400082,College Degree
51067,VA,Franklin,Southeast,52424,4,36,1,30.1,7,White & Not Hispanic,27,29,11.61938274,34.31077878,31.33934462,HS Diploma
13237,GA,Putnam,Southeast,44785,3,21,1,31.6,2,White & Not Hispanic,7,16,12.34892604,36.80881708,27.35299643,HS Diploma
51820,VA,Waynesboro,Southeast,41255,10,14,1,30.1,5,White & Not Hispanic,25,30,12.94514875,33.22927948,24.92195961,HS Diploma
27027,MN,Clay,Upper Midwest,59937,7,20,2,28.4,5,White & Not Hispanic,36,21,4.740592124,23.04961803,38.04048666,College Degree
37137,NC,Pamlico,Southeast,43927,4,4,1,32.1,1,White & Not Hispanic,15,11,11.34567284,29.74487244,37.37868934,College Degree
17177,IL,Stephenson,Ohio Valley,45863,7,25,1,31.1,7,White & Not Hispanic,23,38,7.943557277,33.76799269,37.44054931,College Degree
5031,AR,Craighead,South,44091,21,43,5,35,6,White & Not Hispanic,84,77,10.55368745,33.66436795,28.68460048,HS Diploma
54035,WV,Jackson,Ohio Valley,43544,3,19,1,38.1,1,White & Not Hispanic,19,15,11.29260325,43.65888147,27.03203472,HS Diploma
53065,WA,Stevens,Northwest,51303,8,15,1,27.7,3,White & Not Hispanic,24,29,8.336409499,34.29617325,36.89553341,College Degree
48061,TX,Cameron,South,36587,39,147,10,33,15,Hispanic,248,250,31.44448242,26.11125631,24.29183169,<HS Degree
18089,IN,Lake,Ohio Valley,53600,78,231,6,33.6,33,White & Not Hispanic,409,300,10.87471239,35.50696042,30.52842147,HS Diploma
51027,VA,Buchanan,Southeast,31763,8,18,1,30.1,1,White & Not Hispanic,9,7,27.44407366,36.94228155,23.82276604,HS Diploma
19103,IA,Johnson,Upper Midwest,58904,20,47,3,36.4,20,White & Not Hispanic,110,149,4.270259374,15.79088832,25.62939569,College Degree
19155,IA,Pottawattamie,Upper Midwest,55442,11,49,3,36.4,5,White & Not Hispanic,70,53,10.28034441,33.12817768,34.6880952,College Degree
27099,MN,Mower,Upper Midwest,53302,9,19,1,28.4,3,White & Not Hispanic,21,22,11.84367542,32.5924821,33.00641408,College Degree
36049,NY,Lewis,Northeast,48314,3,19,1,25.7,1,White & Not Hispanic,14,27,8.696598639,44.48435374,28.47891156,HS Diploma
41005,OR,Clackamas,Northwest,74460,58,108,13,29.4,50,White & Not Hispanic,244,329,6.297600413,21.35554431,34.35209111,College Degree
22073,LA,Ouachita,South,38525,21,101,7,36.2,12,White & Not Hispanic,118,98,12.23109775,34.52428029,28.18135084,HS Diploma
47103,TN,Lincoln,Ohio Valley,43464,4,25,1,32.8,3,White & Not Hispanic,19,19,15.13281348,41.5328802,24.18581377,HS Diploma
48309,TX,McLennan,South,46662,27,129,4,33,22,White & Not Hispanic,207,143,14.58152967,27.65703136,32.73721071,College Degree
37097,NC,Iredell,Southeast,56325,30,85,5,32.1,23,White & Not Hispanic,150,148,9.669794137,27.55871091,33.06349116,College Degree
12057,FL,Hillsborough,Southeast,54509,280,602,26,28.4,152,White & Not Hispanic,856,888,11.11256909,27.07640098,27.3479523,College Degree
13063,GA,Clayton,Southeast,44598,51,158,6,31.6,7,Black,194,87,15.07623569,33.44596481,32.33175091,HS Diploma
38017,ND,Cass,Northern Rockies & Plains,59711,32,57,4,33.2,28,White & Not Hispanic,128,124,4.896471351,18.95411092,35.36885641,College Degree
47003,TN,Bedford,Ohio Valley,47295,7,27,1,32.8,1,White & Not Hispanic,24,18,16.50843396,40.71650229,24.63207054,HS Diploma
42011,PA,Berks,Northeast,59205,74,124,7,31.6,44,White & Not Hispanic,261,287,12.78692431,36.28966126,25.00893627,HS Diploma
17161,IL,Rock Island,Ohio Valley,50952,26,71,3,31.1,12,White & Not Hispanic,111,113,11.14013865,29.14387948,35.91904365,College Degree
37059,NC,Davie,Southeast,54189,5,24,1,32.1,2,White & Not Hispanic,30,25,10.22425058,32.19292773,33.2961224,College Degree
49039,UT,Sanpete,Southwest,47768,6,13,1,25.3,1,White & Not Hispanic,15,8,8.047239769,31.62867344,39.57703927,College Degree
39063,OH,Hancock,Ohio Valley,56406,11,27,3,33.8,8,White & Not Hispanic,66,55,6.932535344,36.01503904,29.4757438,HS Diploma
17195,IL,Whiteside,Ohio Valley,51567,7,26,1,31.1,2,White & Not Hispanic,33,50,8.650846417,37.60803969,34.83864369,HS Diploma
16019,ID,Bonneville,Northwest,59293,10,46,4,29.3,4,White & Not Hispanic,79,77,7.678129221,25.15195858,36.27729626,College Degree
18143,IN,Scott,Ohio Valley,47738,4,14,1,33.6,1,White & Not Hispanic,20,8,19.24731834,42.14896067,25.41664142,HS Diploma
4009,AZ,Graham,Southwest,46714,6,18,1,29.5,2,White & Not Hispanic,15,16,14.71602476,30.32116,40.14707715,College Degree
18079,IN,Jennings,Ohio Valley,50425,3,10,1,33.6,3,White & Not Hispanic,11,6,11.72523118,44.92470277,30.5997358,HS Diploma
37105,NC,Lee,Southeast,46723,15,37,1,32.1,8,White & Not Hispanic,47,42,14.88924853,27.62627117,36.99364719,College Degree
37165,NC,Scotland,Southeast,35138,7,34,1,32.1,2,White & Not Hispanic,23,18,19.11789581,33.58846414,31.79550068,HS Diploma
51775,VA,Salem,Southeast,57897,6,22,1,30.1,2,White & Not Hispanic,32,34,9.161849711,27.66473988,32.9132948,College Degree
42037,PA,Columbia,Northeast,48821,10,28,1,31.6,11,White & Not Hispanic,58,60,9.157550983,42.76188084,23.75025691,HS Diploma
54019,WV,Fayette,Ohio Valley,38829,9,33,1,38.1,2,White & Not Hispanic,23,30,15.49390635,43.72354073,25.5452213,HS Diploma
17063,IL,Grundy,Ohio Valley,71969,6,18,1,31.1,7,White & Not Hispanic,41,37,6.444293839,31.72348764,36.40863954,College Degree
48189,TX,Hale,South,40152,4,18,1,33,5,Hispanic,22,19,25.06559129,32.98027403,24.76435721,HS Diploma
34001,NJ,Atlantic,Northeast,55672,72,77,3,27.3,37,White & Not Hispanic,197,324,12.15691801,32.26542514,26.79887699,HS Diploma
27127,MN,Redwood,Upper Midwest,54918,5,6,1,28.4,2,White & Not Hispanic,10,12,7.593707516,37.45387454,35.80306856,HS Diploma
24041,MD,Talbot,Northeast,62264,13,19,1,31.3,7,White & Not Hispanic,38,54,8.845454221,23.12658273,28.31615365,College Degree
18091,IN,LaPorte,Ohio Valley,52763,20,55,3,33.6,10,White & Not Hispanic,72,88,10.6996364,39.43816881,30.76226337,HS Diploma
6113,CA,Yolo,West,63645,44,56,2,25.1,18,White & Not Hispanic,152,144,12.5344963,17.64888796,27.19824001,College Degree
37085,NC,Harnett,Southeast,51106,20,53,1,32.1,8,White & Not Hispanic,81,48,11.90979161,28.89523266,37.10876392,College Degree
1113,AL,Russell,Southeast,38617,12,35,1,36.3,4,White & Not Hispanic,48,23,14.72250509,29.69959267,38.08553971,College Degree
35029,NM,Luna,Southwest,28227,2,16,1,28.4,2,Hispanic,20,18,28.68783548,36.02147061,22.2337192,HS Diploma
36053,NY,Madison,Northeast,57703,11,23,1,25.7,5,White & Not Hispanic,44,68,7.376042945,34.69757184,31.29148374,HS Diploma
51790,VA,Staunton,Southeast,46237,8,18,1,30.1,4,White & Not Hispanic,26,27,10.26727694,29.44566876,29.17443635,HS Diploma
20057,KS,Ford,South,47175,6,15,1,32.4,2,Hispanic,20,28,26.04089311,25.51611466,31.42234764,College Degree
6077,CA,San Joaquin,West,59038,160,153,10,25.1,49,Hispanic,466,391,19.88958062,28.41311572,32.53522904,College Degree
45031,SC,Darlington,Southeast,37711,12,54,2,34.1,4,White & Not Hispanic,32,36,16.92796748,36.78610817,28.67893519,HS Diploma
48329,TX,Midland,South,68729,9,49,3,33,15,White & Not Hispanic,120,104,15.88460819,26.09126613,30.58069946,College Degree
51185,VA,Tazewell,Southeast,38992,8,35,3,30.1,1,White & Not Hispanic,31,24,16.63678619,36.98539177,31.21513944,HS Diploma
18077,IN,Jefferson,Ohio Valley,51534,6,9,1,33.6,2,White & Not Hispanic,20,29,10.6899166,41.55554565,30.41073897,HS Diploma
22045,LA,Iberia,South,41604,21,43,1,36.2,7,White & Not Hispanic,42,23,18.10574116,42.2856525,24.28370635,HS Diploma
48199,TX,Hardin,South,60692,7,32,2,33,6,White & Not Hispanic,40,21,11.2663733,39.56355027,31.10991019,HS Diploma
40079,OK,Le Flore,South,37005,8,39,1,36.5,3,White & Not Hispanic,18,17,15.54697937,40.13359062,28.61511058,HS Diploma
8075,CO,Logan,Southwest,49407,2,9,1,22.6,1,White & Not Hispanic,11,18,9.510903819,36.34816589,33.53712341,HS Diploma
37045,NC,Cleveland,Southeast,38654,17,66,1,32.1,5,White & Not Hispanic,64,55,14.21828383,34.25509492,32.03010197,HS Diploma
6073,CA,San Diego,West,70693,579,758,27,25.1,405,White & Not Hispanic,2736,2593,11.9549721,18.21796657,30.37078344,College Degree
26121,MI,Muskegon,Upper Midwest,44473,22,74,6,32.3,10,White & Not Hispanic,130,92,8.646821503,33.58496263,38.03041359,College Degree
56013,WY,Fremont,Northern Rockies & Plains,49282,9,20,1,28.8,6,White & Not Hispanic,23,30,8.202993136,30.19016541,36.79531901,College Degree
53077,WA,Yakima,Northwest,48232,70,92,8,27.7,18,Hispanic,134,131,25.68238213,27.18894009,29.51146822,College Degree
5053,AR,Grant,South,54411,4,9,1,35,1,White & Not Hispanic,5,8,9.808369183,39.45248338,30.4028158,HS Diploma
20169,KS,Saline,South,48748,6,18,2,32.4,8,White & Not Hispanic,52,35,8.020898189,29.61208413,35.14523159,College Degree
26063,MI,Huron,Upper Midwest,44845,8,28,1,32.3,1,White & Not Hispanic,29,39,9.702075914,41.91783202,32.38512985,HS Diploma
18069,IN,Huntington,Ohio Valley,50138,5,23,1,33.6,5,White & Not Hispanic,30,26,8.117181567,41.68898126,29.1954758,HS Diploma
21073,KY,Franklin,Ohio Valley,52395,6,33,1,34.3,4,White & Not Hispanic,41,39,9.802548663,29.55048313,29.90897633,College Degree
21161,KY,Mason,Ohio Valley,43683,4,19,1,34.3,1,White & Not Hispanic,12,14,13.08860759,33.92405063,31.62869198,HS Diploma
42061,PA,Huntingdon,Northeast,46684,4,21,1,31.6,6,White & Not Hispanic,19,23,10.22303697,49.0192484,22.93614421,HS Diploma
48479,TX,Webb,South,36718,28,85,4,33,15,Hispanic,175,146,31.8476081,24.56966664,24.81986425,<HS Degree
19139,IA,Muscatine,Upper Midwest,57583,7,21,1,36.4,3,White & Not Hispanic,34,35,10.92709398,34.89552134,32.34786286,HS Diploma
19021,IA,Buena Vista,Upper Midwest,52344,5,12,1,36.4,4,White & Not Hispanic,8,16,22.14646667,30.09545199,26.95917221,HS Diploma
20117,KS,Marshall,South,48687,4,9,1,32.4,1,White & Not Hispanic,5,9,8.688597138,41.14176132,30.97802036,HS Diploma
6079,CA,San Luis Obispo,West,69517,69,92,1,25.1,40,White & Not Hispanic,234,340,8.150909225,19.93608575,35.83093787,College Degree
55005,WI,Barron,Upper Midwest,49581,13,23,1,32,6,White & Not Hispanic,30,43,9.410191004,35.87382567,34.07577926,HS Diploma
55123,WI,Vernon,Upper Midwest,51002,6,13,1,32,2,White & Not Hispanic,10,24,10.11784024,36.66087125,30.3486912,HS Diploma
18097,IN,Marion,Ohio Valley,45300,166,350,23,33.6,89,White & Not Hispanic,832,735,13.2600923,27.55477229,27.03985572,HS Diploma
27163,MN,Washington,Upper Midwest,90755,26,53,6,28.4,41,White & Not Hispanic,137,172,3.962588237,20.37959587,30.03897534,College Degree
27093,MN,Meeker,Upper Midwest,61374,4,16,1,28.4,1,White & Not Hispanic,10,11,6.458966565,35.90425532,39.45668693,College Degree
29065,MO,Dent,Ohio Valley,38722,4,6,1,32.5,1,White & Not Hispanic,7,9,16.07580016,39.15132832,29.85764802,HS Diploma
13113,GA,Fayette,Southeast,83145,18,42,2,31.6,17,White & Not Hispanic,102,106,4.489227915,21.16276673,27.59122771,College Degree
36067,NY,Onondaga,Northeast,56853,121,209,6,25.7,55,White & Not Hispanic,415,364,8.765673312,25.40546693,29.68934752,College Degree
41013,OR,Crook,Northwest,45350,4,10,1,29.4,2,White & Not Hispanic,9,16,10.71287909,32.52124008,37.92831824,College Degree
12007,FL,Bradford,Southeast,43058,3,22,1,28.4,2,White & Not Hispanic,14,12,21.06094251,41.50012337,27.1601283,HS Diploma
22069,LA,Natchitoches,South,32094,7,27,1,36.2,2,White & Not Hispanic,19,27,12.08924773,38.03012545,29.95181664,HS Diploma
45029,SC,Colleton,Southeast,35760,9,34,1,34.1,2,White & Not Hispanic,25,23,12.43331809,44.17771681,27.09571712,HS Diploma
22085,LA,Sabine,South,42700,5,15,1,36.2,2,White & Not Hispanic,10,7,14.55248686,47.38623315,24.95316372,HS Diploma
48171,TX,Gillespie,South,58787,3,14,1,33,1,White & Not Hispanic,13,49,10.30996272,29.96987183,25.57320125,HS Diploma
29207,MO,Stoddard,Ohio Valley,37694,7,18,1,32.5,1,White & Not Hispanic,16,19,20.21525275,42.40284406,25.11444434,HS Diploma
36089,NY,St. Lawrence,Northeast,50897,30,56,3,25.7,1,White & Not Hispanic,51,84,11.41027608,36.04860423,28.97839037,HS Diploma
32023,NV,Nye,West,48001,7,29,1,26.7,5,White & Not Hispanic,26,16,13.85049446,35.74624526,38.01761236,College Degree
37141,NC,Pender,Southeast,50437,11,13,1,32.1,8,White & Not Hispanic,37,41,11.23817397,27.50757785,32.2839166,College Degree
45055,SC,Kershaw,Southeast,48824,8,42,1,34.1,4,White & Not Hispanic,42,35,10.75320165,36.73757326,31.45430866,HS Diploma
41047,OR,Marion,Northwest,55954,44,138,11,29.4,39,White & Not Hispanic,245,242,14.77133376,25.88444718,35.22580929,College Degree
40021,OK,Cherokee,South,36297,8,24,1,36.5,1,White & Not Hispanic,22,31,12.48502121,31.31133206,28.72040678,HS Diploma
47145,TN,Roane,Ohio Valley,47088,6,45,1,32.8,3,White & Not Hispanic,32,20,10.17710342,37.77783416,32.95950472,HS Diploma
28001,MS,Adams,South,32956,5,11,1,37.3,1,White & Not Hispanic,31,18,24.48932752,31.75579527,25.97199908,HS Diploma
34041,NJ,Warren,Northeast,74834,24,38,2,27.3,15,White & Not Hispanic,83,81,7.331505838,30.70191623,27.45196236,HS Diploma
22105,LA,Tangipahoa,South,44625,20,88,3,36.2,10,White & Not Hispanic,81,85,17.94393379,35.01905885,25.08441982,HS Diploma
33017,NH,Strafford,Northeast,69467,18,56,2,28.1,12,White & Not Hispanic,81,105,6.663249616,27.54414985,30.58221891,College Degree
47109,TN,McNairy,Ohio Valley,37574,4,20,1,32.8,1,White & Not Hispanic,15,16,15.57036713,45.58020105,25.78125,HS Diploma
51009,VA,Amherst,Southeast,46497,6,21,1,30.1,1,White & Not Hispanic,19,18,13.37526755,37.95483336,27.34460315,HS Diploma
29157,MO,Perry,Ohio Valley,51922,3,14,1,32.5,2,White & Not Hispanic,11,11,13.38433571,41.84971974,25.64762915,HS Diploma
29083,MO,Henry,Ohio Valley,42607,5,20,1,32.5,1,White & Not Hispanic,16,20,12.8213347,41.45137509,30.09808321,HS Diploma
17025,IL,Clay,Ohio Valley,43478,2,7,1,31.1,1,White & Not Hispanic,9,12,12.34939759,38.18846816,34.1222031,HS Diploma
39133,OH,Portage,Ohio Valley,52947,20,55,4,33.8,12,White & Not Hispanic,143,88,7.471454029,36.98294313,25.67487295,HS Diploma
17021,IL,Christian,Ohio Valley,49324,8,20,1,31.1,4,White & Not Hispanic,16,24,11.76371379,39.86170258,30.43808239,HS Diploma
18035,IN,Delaware,Ohio Valley,41404,13,63,3,33.6,11,White & Not Hispanic,83,70,9.785605762,34.30870519,31.01963874,HS Diploma
48099,TX,Coryell,South,50122,3,27,2,33,2,White & Not Hispanic,34,34,11.1937803,27.78590537,44.09797693,College Degree
10003,DE,New Castle,Northeast,67246,97,173,5,31.8,93,White & Not Hispanic,411,422,7.856141095,30.43067624,25.05032836,HS Diploma
37163,NC,Sampson,Southeast,41477,10,35,1,32.1,4,White & Not Hispanic,33,36,19.02262188,35.01330006,31.52938961,HS Diploma
1051,AL,Elmore,Southeast,54553,8,55,2,36.3,4,White & Not Hispanic,39,40,12.73639044,31.70942737,29.73884484,HS Diploma
48499,TX,Wood,South,47260,5,23,1,33,2,White & Not Hispanic,14,35,14.35503067,33.05258018,33.41877994,College Degree
28043,MS,Grenada,South,37419,2,21,1,37.3,4,White & Not Hispanic,22,16,17.13257681,30.87461943,32.15471907,College Degree
39143,OH,Sandusky,Ohio Valley,52452,12,23,1,33.8,5,White & Not Hispanic,37,37,8.517526777,42.60467381,32.42453749,HS Diploma
36061,NY,New York,Northeast,77214,1319,233,1,25.7,517,White & Not Hispanic,2622,4473,12.15817286,12.22471673,13.43354371,College Degree
48213,TX,Henderson,South,43425,8,41,2,33,9,White & Not Hispanic,60,47,15.08779798,33.50467451,33.09242074,HS Diploma
24027,MD,Howard,Northeast,119386,41,81,3,31.3,54,White & Not Hispanic,271,184,4.488163363,13.34949121,19.48933168,College Degree
17137,IL,Morgan,Ohio Valley,48600,3,20,1,31.1,4,White & Not Hispanic,22,21,10.1891243,39.71610294,30.14194853,HS Diploma
40019,OK,Carter,South,47966,9,41,1,36.5,6,White & Not Hispanic,33,41,12.572045,36.3969795,30.8337186,HS Diploma
39137,OH,Putnam,Ohio Valley,61069,5,14,1,33.8,1,White & Not Hispanic,23,21,6.051898678,40.64807038,30.08266655,HS Diploma
37125,NC,Moore,Southeast,54545,19,48,1,32.1,5,White & Not Hispanic,66,94,7.62476381,21.71557186,31.93703457,College Degree
53073,WA,Whatcom,Northwest,56636,41,102,3,27.7,32,White & Not Hispanic,122,203,7.296272056,22.22875232,35.19240787,College Degree
36005,NY,Bronx,Northeast,37355,1296,166,3,25.7,45,Hispanic,963,619,26.57054948,27.73515778,25.38293499,HS Diploma
37019,NC,Brunswick,Southeast,51457,22,45,3,32.1,8,White & Not Hispanic,97,118,8.000146758,29.06084037,33.46541555,College Degree
20045,KS,Douglas,South,55446,19,30,3,32.4,13,White & Not Hispanic,101,96,4.54936591,18.65028425,25.55967781,College Degree
21067,KY,Fayette,Ohio Valley,53288,65,109,7,34.3,49,White & Not Hispanic,304,279,8.077485206,18.97806744,27.96151447,College Degree
48139,TX,Ellis,South,69448,14,79,4,33,13,White & Not Hispanic,109,83,13.38976463,27.41524509,33.91060246,College Degree
55131,WI,Washington,Upper Midwest,74631,16,55,3,32,16,White & Not Hispanic,84,82,4.890822405,29.50977017,32.65521163,College Degree
46103,SD,Pennington,Northern Rockies & Plains,51508,16,59,3,31.9,16,White & Not Hispanic,94,97,6.433573675,28.98991599,32.88889464,College Degree
12111,FL,St. Lucie,Southeast,45509,44,115,6,28.4,20,White & Not Hispanic,138,177,12.73716095,32.17997958,32.61232703,College Degree
38035,ND,Grand Forks,Northern Rockies & Plains,51820,11,31,4,33.2,7,White & Not Hispanic,55,47,4.596434049,21.89896472,37.29390337,College Degree
39089,OH,Licking,Ohio Valley,58902,22,63,2,33.8,10,White & Not Hispanic,130,90,7.545726582,34.10160715,30.79315446,HS Diploma
6097,CA,Sonoma,West,73496,140,144,2,25.1,69,White & Not Hispanic,291,523,10.87076986,18.23100421,34.46629112,College Degree
1021,AL,Chilton,Southeast,44188,5,33,1,36.3,2,White & Not Hispanic,22,23,18.19056147,43.34560409,24.84329917,HS Diploma
48341,TX,Moore,South,52344,5,15,1,33,1,Hispanic,11,19,34.63056966,27.0566433,24.07541697,<HS Degree
24005,MD,Baltimore,Northeast,72305,147,274,11,31.3,122,White & Not Hispanic,743,435,8.425423476,25.19936952,26.62056084,College Degree
4005,AZ,Coconino,Southwest,53643,20,80,3,29.5,12,White & Not Hispanic,128,169,9.010366013,21.73423156,31.62701331,College Degree
48091,TX,Comal,South,76296,8,48,2,33,12,White & Not Hispanic,95,118,6.325802387,25.42920622,30.32768753,College Degree
12031,FL,Duval,Southeast,51948,174,462,21,28.4,87,White & Not Hispanic,781,716,9.930662664,28.10491789,31.2788425,College Degree
45075,SC,Orangeburg,Southeast,34557,18,84,2,34.1,4,White & Not Hispanic,68,52,13.97811208,32.22030223,34.31930609,College Degree
28121,MS,Rankin,South,62284,13,90,4,37.3,25,White & Not Hispanic,147,71,10.9316374,25.03845865,33.77795287,College Degree
53075,WA,Whitman,Northwest,42693,10,15,1,27.7,2,White & Not Hispanic,32,33,4.444444444,15.82831929,31.50421179,College Degree
37167,NC,Stanly,Southeast,49106,14,34,2,32.1,15,White & Not Hispanic,50,42,13.51978141,32.0176345,36.83038277,College Degree
26067,MI,Ionia,Upper Midwest,50383,10,31,2,32.3,2,White & Not Hispanic,30,32,8.625484386,38.87850467,35.47298837,HS Diploma
41043,OR,Linn,Northwest,50876,19,57,7,29.4,10,White & Not Hispanic,64,82,10.14962087,29.24151471,41.09721971,College Degree
44005,RI,Newport,Northeast,72776,14,29,1,30,11,White & Not Hispanic,76,132,5.285961872,20.21843628,24.77845721,College Degree
30111,MT,Yellowstone,Northern Rockies & Plains,57351,18,53,5,25.3,36,White & Not Hispanic,111,126,5.16938588,29.27741431,32.72427819,College Degree
51660,VA,Harrisonburg,Southeast,41636,18,31,2,30.1,6,White & Not Hispanic,55,84,16.66666667,25.9092901,22.18083552,HS Diploma
5133,AR,Sevier,South,38697,5,14,1,35,1,White & Not Hispanic,7,9,24.25127143,36.45695988,25.88058015,HS Diploma
46081,SD,Lawrence,Northern Rockies & Plains,50488,5,16,1,31.9,4,White & Not Hispanic,24,29,5.989120782,26.41540853,32.6321048,College Degree
17113,IL,McLean,Ohio Valley,64271,28,63,4,31.1,21,White & Not Hispanic,140,114,3.768499648,24.09192206,27.56328451,College Degree
48363,TX,Palo Pinto,South,43589,4,16,1,33,1,White & Not Hispanic,27,27,12.30035999,35.36480251,34.25949399,HS Diploma
48249,TX,Jim Wells,South,40056,8,27,1,33,2,Hispanic,30,25,21.83352037,35.21922526,26.77914941,HS Diploma
37013,NC,Beaufort,Southeast,41431,9,30,1,32.1,8,White & Not Hispanic,35,37,11.65715617,31.99312915,35.64108536,College Degree
41065,OR,Wasco,Northwest,50562,7,11,2,29.4,2,White & Not Hispanic,18,35,12.36754877,28.49535402,38.69477803,College Degree
12023,FL,Columbia,Southeast,41667,7,57,1,28.4,5,White & Not Hispanic,42,40,15.01598745,36.43102992,33.65308242,HS Diploma
20059,KS,Franklin,South,50155,4,13,1,32.4,1,White & Not Hispanic,14,19,7.654335327,37.44119868,34.78715373,HS Diploma
36013,NY,Chautauqua,Northeast,42664,30,54,3,25.7,13,White & Not Hispanic,94,145,10.57689081,34.56758359,31.79219849,HS Diploma
5005,AR,Baxter,South,40147,8,16,1,35,3,White & Not Hispanic,31,33,11.2244898,35.0995444,35.92336017,College Degree
17201,IL,Winnebago,Ohio Valley,50296,58,122,7,31.1,36,White & Not Hispanic,213,209,12.18509528,30.80359448,34.02416981,College Degree
48215,TX,Hidalgo,South,35928,67,271,17,33,30,Hispanic,390,400,33.07009271,23.86669248,23.76064117,<HS Degree
12035,FL,Flagler,Southeast,50863,13,34,2,28.4,7,White & Not Hispanic,49,78,8.494248506,32.59295082,33.30800143,College Degree
17027,IL,Clinton,Ohio Valley,61013,8,22,1,31.1,5,White & Not Hispanic,17,34,9.831901382,32.24878595,36.21964886,College Degree
26081,MI,Kent,Upper Midwest,59649,94,178,20,32.3,64,White & Not Hispanic,439,445,8.595280452,24.22096546,30.34202529,College Degree
37025,NC,Cabarrus,Southeast,63059,31,73,6,32.1,22,White & Not Hispanic,160,133,9.413011623,25.40936962,31.65768022,College Degree
29123,MO,Madison,Ohio Valley,36909,2,8,1,32.5,2,White & Not Hispanic,8,8,13.99881867,40.48434731,31.43532191,HS Diploma
22089,LA,St. Charles,South,64742,13,26,1,36.2,8,White & Not Hispanic,32,23,10.13614454,32.41818643,29.11745638,HS Diploma
46099,SD,Minnehaha,Northern Rockies & Plains,60244,31,84,5,31.9,36,White & Not Hispanic,150,130,6.968008812,26.21977796,33.16559818,College Degree
36063,NY,Niagara,Northeast,50328,34,83,3,25.7,20,White & Not Hispanic,138,180,8.451142763,32.34713481,33.59589268,College Degree
36037,NY,Genesee,Northeast,54211,11,30,2,25.7,4,White & Not Hispanic,35,57,7.754805948,37.69072664,32.6731955,HS Diploma
28091,MS,Marion,South,33416,4,20,1,37.3,2,White & Not Hispanic,17,15,17.68238827,38.23823824,31.20767827,HS Diploma
37157,NC,Rockingham,Southeast,41620,19,62,3,32.1,9,White & Not Hispanic,65,57,16.75530298,33.85552787,34.16550173,College Degree
12075,FL,Levy,Southeast,33092,10,29,1,28.4,2,White & Not Hispanic,17,25,13.75224059,41.44592711,30.70437496,HS Diploma
35013,NM,DoÃ±a Ana,Southwest,38287,21,60,4,28.4,11,Hispanic,122,114,19.43973539,21.50267851,29.55704738,College Degree
48097,TX,Cooke,South,59243,5,33,1,33,2,White & Not Hispanic,20,28,12.60733518,30.82884587,34.79842818,College Degree
45085,SC,Sumter,Southeast,41205,19,74,1,34.1,4,White & Not Hispanic,65,57,12.98999018,31.4590423,34.71401518,College Degree
41061,OR,Union,Northwest,47309,7,12,2,29.4,2,White & Not Hispanic,19,21,7.14124166,32.90738437,35.77971277,College Degree
46035,SD,Davison,Northern Rockies & Plains,50238,2,17,1,31.9,4,White & Not Hispanic,18,24,8.978259257,32.27721303,32.71499592,College Degree
9015,CT,Windham,Northeast,60869,24,42,3,26.9,12,White & Not Hispanic,64,84,10.86016514,35.15170763,30.28533737,HS Diploma
51810,VA,Virginia Beach,Southeast,70596,77,160,8,30.1,59,White & Not Hispanic,440,525,5.970873629,20.76151773,35.99704918,College Degree
8035,CO,Douglas,Southwest,112399,25,60,9,22.6,51,White & Not Hispanic,218,191,2.049570188,12.32796614,27.01662521,College Degree
13013,GA,Barrow,Southeast,54893,14,50,1,31.6,13,White & Not Hispanic,37,28,13.49093892,34.22514729,32.09411589,HS Diploma
51580,VA,Covington,Southeast,37904,1,7,1,30.1,1,White & Not Hispanic,9,11,11.52788197,43.43585896,29.93248312,HS Diploma
17019,IL,Champaign,Ohio Valley,51032,38,72,7,31.1,21,White & Not Hispanic,184,185,5.106556708,21.89025884,27.96439944,College Degree
36011,NY,Cayuga,Northeast,53437,11,29,2,25.7,5,White & Not Hispanic,50,65,11.76904265,33.0755952,33.18168741,College Degree
6093,CA,Siskiyou,West,40875,19,26,1,25.1,5,White & Not Hispanic,28,45,10.10189961,25.73279658,42.06189458,College Degree
22095,LA,St. John the Baptist,South,52166,8,21,1,36.2,2,White & Not Hispanic,33,18,14.3862093,35.46926693,32.94445412,HS Diploma
40083,OK,Logan,South,54305,2,22,1,36.5,1,White & Not Hispanic,14,24,8.880972072,30.72078376,31.1406578,College Degree
51047,VA,Culpeper,Southeast,67023,9,17,1,30.1,8,White & Not Hispanic,34,30,12.9350546,31.05379891,30.85759782,HS Diploma
5113,AR,Polk,South,32941,3,15,1,35,2,White & Not Hispanic,7,15,14.80239692,36.15351691,33.74233129,HS Diploma
37181,NC,Vance,Southeast,34717,11,51,1,32.1,4,White & Not Hispanic,28,20,16.92735949,34.83231707,30.71646341,HS Diploma
48157,TX,Fort Bend,South,90972,96,372,13,33,68,White & Not Hispanic,461,376,9.24731352,17.83008701,26.44924401,College Degree
29127,MO,Marion,Ohio Valley,45187,6,26,1,32.5,4,White & Not Hispanic,23,26,10.63884997,35.57008667,29.02070683,HS Diploma
40123,OK,Pontotoc,South,44212,6,20,1,36.5,2,White & Not Hispanic,22,23,10.74775753,31.89734926,28.53867503,HS Diploma
32003,NV,Clark,West,54455,201,681,26,26.7,169,White & Not Hispanic,1867,1394,13.74605078,28.29568864,32.79564545,College Degree
22111,LA,Union,South,42166,3,15,1,36.2,2,White & Not Hispanic,8,6,14.97642251,44.53316567,23.49575605,HS Diploma
55141,WI,Wood,Upper Midwest,52591,11,33,1,32,6,White & Not Hispanic,40,61,7.567318404,38.19383091,33.63999539,HS Diploma
34007,NJ,Camden,Northeast,65838,147,150,2,27.3,69,White & Not Hispanic,393,344,11.18281969,29.5308714,27.03518393,HS Diploma
18081,IN,Johnson,Ohio Valley,67215,11,43,6,33.6,7,White & Not Hispanic,134,104,8.077727264,31.1168019,28.48784792,HS Diploma
21199,KY,Pulaski,Ohio Valley,37782,13,44,1,34.3,4,White & Not Hispanic,43,33,16.6378499,33.49018406,33.06121556,HS Diploma
31145,NE,Red Willow,Northern Rockies & Plains,48783,1,3,1,32.8,2,White & Not Hispanic,11,3,6.709088394,29.97648361,40.10236547,College Degree
51031,VA,Campbell,Southeast,49935,10,38,1,30.1,6,White & Not Hispanic,37,28,11.20540744,33.50356741,31.79872324,HS Diploma
40041,OK,Delaware,South,39144,4,26,1,36.5,3,White & Not Hispanic,15,27,14.8473024,37.21822697,29.78167629,HS Diploma
22071,LA,Orleans,South,38418,137,133,4,36.2,33,White & Not Hispanic,324,501,12.34492337,22.73980056,26.94664576,College Degree
55047,WI,Green Lake,Upper Midwest,50386,6,11,1,32,2,White & Not Hispanic,5,22,9.336442973,39.1363226,30.60487511,HS Diploma
48367,TX,Parker,South,67735,9,42,2,33,8,White & Not Hispanic,85,61,10.98928162,28.10335043,34.20886381,College Degree
20121,KS,Miami,South,67651,4,13,1,32.4,3,White & Not Hispanic,16,22,4.369206667,32.08581749,32.38173985,College Degree
30029,MT,Flathead,Northern Rockies & Plains,50249,18,38,2,25.3,18,White & Not Hispanic,67,122,5.752206297,28.28604078,33.96252392,College Degree
13071,GA,Colquitt,Southeast,34931,14,41,1,31.6,2,White & Not Hispanic,29,19,25.4003962,38.30373032,22.62364436,HS Diploma
5069,AR,Jefferson,South,38485,15,40,1,35,1,White & Not Hispanic,58,33,12.5950313,40.16114709,29.25122918,HS Diploma
24033,MD,Prince George's,Northeast,78680,160,318,5,31.3,56,Black,779,309,12.81320642,25.30435218,27.48907237,College Degree
13245,GA,Richmond,Southeast,41128,36,133,4,31.6,15,White & Not Hispanic,172,131,14.26895219,32.07148391,31.16815717,HS Diploma
13215,GA,Muscogee,Southeast,40895,41,126,4,31.6,19,White & Not Hispanic,207,141,11.8532389,26.46275346,34.1909806,College Degree
19057,IA,Des Moines,Upper Midwest,48991,6,24,1,36.4,3,White & Not Hispanic,34,34,7.772304324,33.16183178,39.23006751,College Degree
27169,MN,Winona,Upper Midwest,56499,4,20,1,28.4,5,White & Not Hispanic,33,33,6.459072478,26.86898125,35.41244298,College Degree
42121,PA,Venango,Northeast,41395,7,26,1,31.6,3,White & Not Hispanic,21,34,8.983900765,48.02058591,23.71338084,HS Diploma
48133,TX,Eastland,South,37789,4,19,1,33,1,White & Not Hispanic,15,13,14.79888491,31.04739148,34.91039427,College Degree
48485,TX,Wichita,South,45071,14,58,4,33,10,White & Not Hispanic,102,101,11.73477819,32.60145903,32.53299337,HS Diploma
5103,AR,Ouachita,South,36016,5,14,1,35,3,White & Not Hispanic,17,13,13.80045048,40.55518354,32.19090522,HS Diploma
55045,WI,Green,Upper Midwest,60846,10,13,1,32,6,White & Not Hispanic,15,36,7.723188683,35.12521506,33.82144905,HS Diploma
27067,MN,Kandiyohi,Upper Midwest,53034,9,22,1,28.4,3,White & Not Hispanic,31,29,9.056577625,27.14201573,39.40685306,College Degree
54055,WV,Mercer,Ohio Valley,36871,9,38,1,38.1,4,White & Not Hispanic,30,31,15.73220564,38.67005607,25.49177991,HS Diploma
34019,NJ,Hunterdon,Northeast,113336,21,27,3,27.3,28,White & Not Hispanic,95,142,4.506926011,20.50366934,20.9799023,College Degree
40081,OK,Lincoln,South,44914,3,14,1,36.5,2,White & Not Hispanic,18,23,11.80691727,41.46188827,32.09979557,HS Diploma
48361,TX,Orange,South,53611,12,57,1,33,5,White & Not Hispanic,55,37,11.60957866,36.81507765,35.58297523,HS Diploma
23005,ME,Cumberland,Northeast,65475,75,146,5,29.1,50,White & Not Hispanic,254,394,4.722262428,21.62136924,25.60452336,College Degree
21049,KY,Clark,Ohio Valley,48474,6,18,1,34.3,2,White & Not Hispanic,32,17,13.19123973,35.39694955,31.26319906,HS Diploma
53017,WA,Douglas,Northwest,52363,11,3,4,27.7,2,White & Not Hispanic,14,20,17.3829583,29.21687818,32.78944936,College Degree
47013,TN,Campbell,Ohio Valley,34997,8,32,1,32.8,2,White & Not Hispanic,28,12,20.81186464,38.8525275,27.38476535,HS Diploma
13127,GA,Glynn,Southeast,48691,19,65,2,31.6,7,White & Not Hispanic,89,99,11.37109192,26.89964518,32.04793466,College Degree
22061,LA,Lincoln,South,39158,4,26,1,36.2,3,White & Not Hispanic,37,28,11.2190195,27.7484267,25.87211561,HS Diploma
26065,MI,Ingham,Upper Midwest,49387,50,117,6,32.3,21,White & Not Hispanic,240,219,6.56603434,21.98313921,32.21490476,College Degree
53035,WA,Kitsap,Northwest,68706,46,74,5,27.7,27,White & Not Hispanic,151,191,5.1214013,21.30026482,39.17651313,College Degree
18031,IN,Decatur,Ohio Valley,51999,6,9,1,33.6,2,White & Not Hispanic,20,16,8.3240161,45.58363148,26.55411449,HS Diploma
26137,MI,Otsego,Upper Midwest,50061,7,23,2,32.3,1,White & Not Hispanic,20,27,6.754146785,31.9870484,35.68507157,College Degree
29053,MO,Cooper,Ohio Valley,47187,1,10,1,32.5,3,White & Not Hispanic,13,15,11.27124292,36.47117627,29.90669777,HS Diploma
22059,LA,La Salle,South,45169,2,13,1,36.2,1,White & Not Hispanic,11,3,19.87670279,43.8102814,20.67216864,HS Diploma
18057,IN,Hamilton,Ohio Valley,92406,37,61,7,33.6,69,White & Not Hispanic,247,246,2.874233754,14.86378873,22.89571643,College Degree
26117,MI,Montcalm,Upper Midwest,46877,10,38,2,32.3,5,White & Not Hispanic,24,32,10.66270752,39.76245107,35.06096189,HS Diploma
42091,PA,Montgomery,Northeast,84156,146,219,12,31.6,186,White & Not Hispanic,674,667,5.646397328,23.25427324,21.45812916,HS Diploma
22053,LA,Jefferson Davis,South,42134,7,25,1,36.2,3,White & Not Hispanic,20,14,18.10782342,41.05142201,22.39777842,HS Diploma
37101,NC,Johnston,Southeast,55174,34,89,4,32.1,19,White & Not Hispanic,122,88,11.78722086,27.74565621,36.51066403,College Degree
48303,TX,Lubbock,South,48587,22,94,7,33,27,White & Not Hispanic,267,182,12.83351106,25.10212452,30.06425505,College Degree
48209,TX,Hays,South,64864,10,67,4,33,24,White & Not Hispanic,145,124,9.633983038,22.82398453,28.96518375,College Degree
48027,TX,Bell,South,51993,31,164,8,33,33,White & Not Hispanic,236,180,9.061499128,25.73724191,39.86875017,College Degree
29175,MO,Randolph,Ohio Valley,43386,4,10,1,32.5,2,White & Not Hispanic,13,20,11.42907201,36.87437949,33.7557671,HS Diploma
8077,CO,Mesa,Southwest,49825,21,48,3,22.6,10,White & Not Hispanic,91,103,9.454080048,28.28224843,34.86791956,College Degree
29071,MO,Franklin,Ohio Valley,55496,20,50,3,32.5,11,White & Not Hispanic,63,70,10.60075581,32.69978882,35.42986551,College Degree
53025,WA,Grant,Northwest,48997,27,43,2,27.7,6,White & Not Hispanic,50,58,21.45173064,27.07905413,33.47196523,College Degree
31019,NE,Buffalo,Northern Rockies & Plains,57036,10,29,1,32.8,7,White & Not Hispanic,43,45,8.014326553,24.96631946,33.25666218,College Degree
40031,OK,Comanche,South,48493,12,52,4,36.5,7,White & Not Hispanic,93,81,9.244217529,32.92333875,34.6496996,College Degree
12083,FL,Marion,Southeast,39629,56,174,7,28.4,20,White & Not Hispanic,170,188,12.00763381,36.48048392,30.83510662,HS Diploma
17163,IL,St. Clair,Ohio Valley,50598,45,124,3,31.1,24,White & Not Hispanic,196,168,8.306443919,27.80599218,34.8526086,College Degree
53045,WA,Mason,Northwest,52758,10,24,2,27.7,5,White & Not Hispanic,23,41,10.37934558,31.32989927,40.15766095,College Degree
20037,KS,Crawford,South,39521,5,18,1,32.4,3,White & Not Hispanic,16,33,6.87677866,30.95187529,32.68487448,College Degree
6037,CA,Los Angeles,West,61308,1980,1964,56,25.1,939,Hispanic,8264,8113,20.20368846,20.36367852,25.88766335,College Degree
4021,AZ,Pinal,Southwest,52642,31,83,7,29.5,13,White & Not Hispanic,132,116,12.94349983,30.32705554,35.8328918,College Degree
55033,WI,Dunn,Upper Midwest,52181,6,21,1,32,3,White & Not Hispanic,23,29,6.535710395,32.13754039,31.64373116,HS Diploma
39025,OH,Clermont,Ohio Valley,61203,25,81,7,33.8,16,White & Not Hispanic,125,106,10.24477293,32.00103979,28.88447055,HS Diploma
55089,WI,Ozaukee,Upper Midwest,85706,12,27,3,32,12,White & Not Hispanic,51,76,3.188857473,20.856895,26.31409844,College Degree
18145,IN,Shelby,Ohio Valley,53019,5,20,1,33.6,3,White & Not Hispanic,26,28,11.68956841,43.46493775,25.86607316,HS Diploma
13077,GA,Coweta,Southeast,71114,21,58,3,31.6,11,White & Not Hispanic,76,76,9.558330114,27.30748114,29.87880513,College Degree
42019,PA,Butler,Northeast,66277,31,69,4,31.6,20,White & Not Hispanic,111,129,4.558561646,31.76761618,26.15994456,HS Diploma
42103,PA,Pike,Northeast,60082,8,27,1,31.6,2,White & Not Hispanic,23,36,7.578451632,33.80027873,31.5656687,HS Diploma
5091,AR,Miller,South,38412,7,26,1,35,3,White & Not Hispanic,22,25,14.33154358,34.61655354,33.0733124,HS Diploma
1007,AL,Bibb,Southeast,43079,5,15,1,36.3,1,White & Not Hispanic,7,7,19.11553137,45.07412272,24.4636267,HS Diploma
24031,MD,Montgomery,Northeast,99604,201,222,3,31.3,168,White & Not Hispanic,811,637,8.642845276,13.37620445,18.73200244,College Degree
42045,PA,Delaware,Northeast,67773,138,155,3,31.6,91,White & Not Hispanic,431,315,6.836917121,29.32538993,24.34761399,HS Diploma
48375,TX,Potter,South,41563,16,61,4,33,8,White & Not Hispanic,122,110,22.80570942,32.49893481,29.31534938,HS Diploma
1047,AL,Dallas,Southeast,30488,8,36,1,36.3,2,Black,25,12,16.05169654,36.2227168,31.08039514,HS Diploma
4007,AZ,Gila,Southwest,40747,6,31,2,29.5,2,White & Not Hispanic,32,53,12.74031203,28.66129844,39.38852542,College Degree
13095,GA,Dougherty,Southeast,35750,16,88,3,31.6,7,Black,92,54,15.60497286,29.31885834,32.91892838,College Degree
5145,AR,White,South,44329,11,42,2,35,7,White & Not Hispanic,57,41,14.21625105,40.42062919,24.6148138,HS Diploma
27171,MN,Wright,Upper Midwest,76256,12,42,4,28.4,13,White & Not Hispanic,70,76,6.044055659,28.60445089,34.3017722,College Degree
4023,AZ,Santa Cruz,Southwest,39090,10,16,1,29.5,2,Hispanic,24,39,22.14095521,27.49671374,29.43476356,College Degree
48049,TX,Brown,South,43770,7,26,1,33,3,White & Not Hispanic,33,30,12.9738612,35.14215836,31.77927239,HS Diploma
39175,OH,Wyandot,Ohio Valley,55590,7,9,1,33.8,1,White & Not Hispanic,15,13,7.252704288,45.14531474,28.3070507,HS Diploma
17007,IL,Boone,Ohio Valley,62081,6,21,1,31.1,3,White & Not Hispanic,27,16,13.31510127,32.27929237,30.22248811,HS Diploma
12101,FL,Pasco,Southeast,46326,63,193,12,28.4,35,White & Not Hispanic,204,259,10.10244126,34.00693135,31.25758116,HS Diploma
20111,KS,Lyon,South,43600,10,14,1,32.4,2,White & Not Hispanic,22,29,11.97851298,31.3369145,29.8308148,HS Diploma
26015,MI,Barry,Upper Midwest,60818,11,27,1,32.3,1,White & Not Hispanic,23,31,6.642548722,37.30657019,33.042362,HS Diploma
39145,OH,Scioto,Ohio Valley,39245,13,45,1,33.8,1,White & Not Hispanic,59,44,14.34726493,42.43632084,27.6164446,HS Diploma
37109,NC,Lincoln,Southeast,50714,15,40,2,32.1,7,White & Not Hispanic,60,38,11.20911973,30.73145091,35.00386012,College Degree
54067,WV,Nicholas,Ohio Valley,37359,6,19,1,38.1,1,White & Not Hispanic,14,25,11.72428956,48.37025229,22.15687352,HS Diploma
40113,OK,Osage,South,46074,3,21,1,36.5,3,White & Not Hispanic,20,12,10.52678892,36.61153062,33.53410044,HS Diploma
45073,SC,Oconee,Southeast,46996,17,41,1,34.1,6,White & Not Hispanic,50,47,14.25588292,28.74164283,29.63833857,College Degree
29077,MO,Greene,Ohio Valley,42802,41,114,9,32.5,34,White & Not Hispanic,260,256,7.36107405,28.10121019,33.04870583,College Degree
47189,TN,Wilson,Ohio Valley,70955,18,59,2,32.8,10,White & Not Hispanic,91,84,7.970159755,28.12681069,29.1470077,College Degree
40073,OK,Kingfisher,South,60814,3,12,1,36.5,1,White & Not Hispanic,9,15,10.82933516,40.4582395,25.55566435,HS Diploma
20009,KS,Barton,South,47194,4,12,1,32.4,4,White & Not Hispanic,17,25,11.28435222,30.75715087,36.64610208,College Degree
30017,MT,Custer,Northern Rockies & Plains,48935,2,5,1,25.3,1,White & Not Hispanic,9,13,6.317448769,28.85897902,37.09227598,College Degree
17095,IL,Knox,Ohio Valley,43277,9,20,1,31.1,3,White & Not Hispanic,38,41,11.34298409,35.26730687,34.19234628,HS Diploma
19157,IA,Poweshiek,Upper Midwest,52408,6,11,1,36.4,2,White & Not Hispanic,11,20,6.246872394,38.51542952,27.18098415,HS Diploma
25011,MA,Franklin,Northeast,56544,18,31,1,25.9,8,White & Not Hispanic,33,68,6.557131629,27.99693102,27.1660616,HS Diploma
20175,KS,Seward,South,48648,5,6,1,32.4,1,Hispanic,10,17,30.11257036,30.62070044,28.05659787,HS Diploma
1083,AL,Limestone,Southeast,52181,10,59,1,36.3,7,White & Not Hispanic,52,44,14.72916115,29.33621679,31.01921323,College Degree
37183,NC,Wake,Southeast,76173,194,352,23,32.1,161,White & Not Hispanic,914,817,6.554517781,14.74547798,24.70779278,College Degree
42049,PA,Erie,Northeast,48820,36,97,6,31.6,30,White & Not Hispanic,190,191,8.514498554,37.76027492,25.01307378,HS Diploma
17011,IL,Bureau,Ohio Valley,53410,5,22,1,31.1,3,White & Not Hispanic,12,27,9.347352225,36.01316408,33.94879685,HS Diploma
13295,GA,Walker,Southeast,40814,6,44,1,31.6,2,White & Not Hispanic,22,20,16.84266645,34.18154975,29.81197072,HS Diploma
51177,VA,Spotsylvania,Southeast,81065,20,42,4,30.1,11,White & Not Hispanic,88,76,8.662860443,28.37561647,30.88594659,College Degree
1045,AL,Dale,Southeast,40523,6,29,1,36.3,2,White & Not Hispanic,35,27,14.68587793,30.89911103,36.19712428,College Degree
51620,VA,Franklin,Southeast,40247,2,12,1,30.1,1,White & Not Hispanic,13,11,16.2896721,31.63247414,33.12291776,College Degree
6075,CA,San Francisco,West,101873,358,112,1,25.1,142,White & Not Hispanic,958,1917,11.44772638,11.5832466,18.20421347,College Degree
45057,SC,Lancaster,Southeast,53421,24,47,2,34.1,8,White & Not Hispanic,47,46,12.72042508,28.53701974,30.21575382,College Degree
8069,CO,Larimer,Southwest,66561,36,86,9,22.6,55,White & Not Hispanic,271,298,3.814322008,18.61861086,29.87469319,College Degree
45021,SC,Cherokee,Southeast,38273,9,42,1,34.1,3,White & Not Hispanic,38,35,18.52511027,36.2377157,30.85454874,HS Diploma
26163,MI,Wayne,Upper Midwest,43570,405,859,33,32.3,110,White & Not Hispanic,1253,1110,12.84350478,29.22092499,32.70074385,College Degree
45043,SC,Georgetown,Southeast,47842,15,46,1,34.1,2,White & Not Hispanic,42,90,10.82929977,27.13993761,32.31364956,College Degree
37129,NC,New Hanover,Southeast,51373,49,88,5,32.1,28,White & Not Hispanic,227,270,6.770313138,19.90200697,31.09645403,College Degree
21227,KY,Warren,Ohio Valley,47253,19,49,4,34.3,13,White & Not Hispanic,97,96,11.70398244,26.78958921,29.27939793,College Degree
34031,NJ,Passaic,Northeast,61517,243,111,2,27.3,46,White & Not Hispanic,347,399,15.50935277,33.71845628,21.23951535,HS Diploma
18041,IN,Fayette,Ohio Valley,44673,3,11,1,33.6,2,White & Not Hispanic,23,14,16.53762775,44.47816662,24.20563642,HS Diploma
55081,WI,Monroe,Upper Midwest,56400,5,23,2,32,2,White & Not Hispanic,24,34,9.247518412,35.59398015,33.82965098,HS Diploma
37047,NC,Columbus,Southeast,35290,16,36,1,32.1,1,White & Not Hispanic,46,29,16.01800977,37.63227513,33.45797721,HS Diploma
12009,FL,Brevard,Southeast,51214,80,299,12,28.4,55,White & Not Hispanic,375,507,7.815050724,26.70488542,34.56735209,College Degree
19049,IA,Dallas,Upper Midwest,82123,13,35,2,36.4,11,White & Not Hispanic,48,57,4.458039004,18.35603474,26.72119512,College Degree
18169,IN,Wabash,Ohio Valley,51561,7,16,1,33.6,3,White & Not Hispanic,27,18,10.28616704,42.93903803,27.8663311,HS Diploma
40027,OK,Cleveland,South,61275,52,83,7,36.5,28,White & Not Hispanic,223,172,7.767323445,24.39118884,33.57538189,College Degree
55025,WI,Dane,Upper Midwest,70815,80,169,5,32,114,White & Not Hispanic,437,469,3.813333556,17.27046773,26.49276527,College Degree
1043,AL,Cullman,Southeast,41543,15,53,2,36.3,4,White & Not Hispanic,63,43,17.73638179,32.27566972,34.5723435,College Degree
20161,KS,Riley,South,49901,8,23,1,32.4,3,White & Not Hispanic,49,44,3.817220022,16.4198942,32.54738297,College Degree
29215,MO,Texas,Ohio Valley,33879,5,10,1,32.5,1,White & Not Hispanic,10,22,15.63154992,39.21125207,30.38610039,HS Diploma
13223,GA,Paulding,Southeast,65480,12,51,4,31.6,12,White & Not Hispanic,64,64,9.525360027,30.59018346,35.98965504,College Degree
36077,NY,Otsego,Northeast,50034,18,47,2,25.7,5,White & Not Hispanic,35,81,7.354410149,30.68874238,28.58605534,HS Diploma
51013,VA,Arlington,Southeast,108635,46,64,1,30.1,49,White & Not Hispanic,227,268,5.054989117,7.897811891,11.21147898,College Degree
48005,TX,Angelina,South,43658,11,31,2,33,7,White & Not Hispanic,71,37,16.99080777,30.75822853,34.06708413,College Degree
21013,KY,Bell,Ohio Valley,26014,6,10,1,34.3,3,White & Not Hispanic,24,10,26.04857693,42.06077466,22.3999572,HS Diploma
17001,IL,Adams,Ohio Valley,51130,11,28,2,31.1,9,White & Not Hispanic,34,54,7.80820723,34.39884872,32.58471065,HS Diploma
55113,WI,Sawyer,Upper Midwest,44180,5,11,1,32,1,White & Not Hispanic,8,47,7.854375202,32.95124314,34.33161124,College Degree
28049,MS,Hinds,South,42903,27,153,4,37.3,21,Black,234,106,11.84660319,23.78554308,34.15541381,College Degree
55027,WI,Dodge,Upper Midwest,56949,12,39,1,32,6,White & Not Hispanic,36,50,8.795002982,40.19272419,33.01735773,HS Diploma
6071,CA,San Bernardino,West,56194,309,481,18,25.1,125,Hispanic,1526,1101,19.29688265,26.40464876,32.94045508,College Degree
47115,TN,Marion,Ohio Valley,42348,4,27,1,32.8,2,White & Not Hispanic,21,18,19.0459916,40.20603457,28.26872376,HS Diploma
29099,MO,Jefferson,Ohio Valley,61508,23,86,4,32.5,16,White & Not Hispanic,131,101,9.818391837,32.24924597,36.83180389,College Degree
26043,MI,Dickinson,Upper Midwest,46094,6,13,1,32.3,4,White & Not Hispanic,20,21,5.268517526,33.21899453,37.09936756,College Degree
55055,WI,Jefferson,Upper Midwest,60744,13,36,2,32,10,White & Not Hispanic,47,66,7.959719049,32.51925193,32.83574511,College Degree
6115,CA,Yuba,West,46054,10,23,1,25.1,4,White & Not Hispanic,29,27,17.82518083,23.80572923,40.35797475,College Degree
47117,TN,Marshall,Ohio Valley,50014,4,22,1,32.8,3,White & Not Hispanic,22,10,12.72368365,40.00343303,31.03892203,HS Diploma
30049,MT,Lewis and Clark,Northern Rockies & Plains,60370,13,23,2,25.3,15,White & Not Hispanic,41,55,4.356005789,23.30783544,29.84701261,College Degree
28127,MS,Simpson,South,39568,3,24,1,37.3,2,White & Not Hispanic,21,9,21.6711325,28.30425986,32.58599005,College Degree
21113,KY,Jessamine,Ohio Valley,55047,5,22,2,34.3,5,White & Not Hispanic,35,30,11.79827659,30.88289306,28.11696567,HS Diploma
48013,TX,Atascosa,South,53622,6,35,1,33,2,Hispanic,20,26,21.03706011,39.67299907,23.97695422,HS Diploma
28045,MS,Hancock,South,45369,3,30,1,37.3,5,White & Not Hispanic,29,40,9.585462146,28.1641895,36.26045053,College Degree
22049,LA,Jackson,South,41192,1,13,1,36.2,1,White & Not Hispanic,9,4,17.1271209,42.72896864,26.65008439,HS Diploma
28033,MS,DeSoto,South,64138,20,75,5,37.3,17,White & Not Hispanic,140,116,8.989327472,30.07613683,36.08601539,College Degree
18063,IN,Hendricks,Ohio Valley,78464,12,44,9,33.6,19,White & Not Hispanic,127,116,5.716800963,26.89250007,28.51483548,College Degree
56033,WY,Sheridan,Northern Rockies & Plains,53027,8,13,1,28.8,7,White & Not Hispanic,23,32,4.524970964,27.7630662,37.06387921,College Degree
5115,AR,Pope,South,42916,8,26,1,35,6,White & Not Hispanic,53,37,15.14663544,33.84326355,26.421217,HS Diploma
37151,NC,Randolph,Southeast,45939,22,66,2,32.1,13,White & Not Hispanic,74,85,17.04361955,34.39715956,32.44034783,HS Diploma
48053,TX,Burnet,South,55919,2,36,1,33,6,White & Not Hispanic,32,46,11.59304121,30.39722123,31.25816411,College Degree
21173,KY,Montgomery,Ohio Valley,44890,4,25,1,34.3,2,White & Not Hispanic,19,16,15.23764657,40.9861809,28.13546901,HS Diploma
41009,OR,Columbia,Northwest,63055,8,21,2,29.4,5,White & Not Hispanic,27,31,9.240405117,33.12633262,39.60287846,College Degree
22121,LA,West Baton Rouge,South,54454,6,22,1,36.2,3,White & Not Hispanic,21,13,13.16169127,36.40550438,27.75496615,HS Diploma
30031,MT,Gallatin,Northern Rockies & Plains,60439,18,37,2,25.3,21,White & Not Hispanic,97,141,2.991213834,17.77939448,27.66103307,College Degree
18085,IN,Kosciusko,Ohio Valley,56010,12,28,2,33.6,9,White & Not Hispanic,60,69,13.23787756,34.13173653,28.29671887,HS Diploma
8087,CO,Morgan,Southwest,49129,7,13,1,22.6,3,White & Not Hispanic,12,21,20.63911193,31.04488872,31.05566633,College Degree
42097,PA,Northumberland,Northeast,46783,21,39,1,31.6,5,White & Not Hispanic,61,64,10.86399401,49.37579618,21.89733983,HS Diploma
24003,MD,Anne Arundel,Northeast,95297,94,200,10,31.3,72,White & Not Hispanic,492,389,6.793321674,22.70681043,27.49889911,College Degree
32007,NV,Elko,West,70242,11,21,1,26.7,3,White & Not Hispanic,40,29,13.19958696,33.04027143,36.91104883,College Degree
12017,FL,Citrus,Southeast,40009,18,68,3,28.4,7,White & Not Hispanic,58,93,10.53904367,37.99856255,32.56669344,HS Diploma
45007,SC,Anderson,Southeast,45821,33,138,4,34.1,18,White & Not Hispanic,134,161,14.35571793,30.17933774,31.35438413,College Degree
31131,NE,Otoe,Northern Rockies & Plains,55030,4,10,1,32.8,2,White & Not Hispanic,8,11,7.655546365,34.06855988,32.87381674,HS Diploma
8005,CO,Arapahoe,Southwest,70866,95,158,15,22.6,87,White & Not Hispanic,506,471,7.741655206,20.40318823,28.45187154,College Degree
42089,PA,Monroe,Northeast,59574,17,55,3,31.6,10,White & Not Hispanic,112,147,10.43372737,34.71855667,29.03198432,HS Diploma
6023,CA,Humboldt,West,43164,48,38,2,25.1,17,White & Not Hispanic,97,142,9.391108247,22.98969072,36.72358247,College Degree
20091,KS,Johnson,South,80872,83,111,15,32.4,102,White & Not Hispanic,413,446,3.87786252,13.95546423,26.04893205,College Degree
37153,NC,Richmond,Southeast,35367,11,44,1,32.1,2,White & Not Hispanic,26,22,17.10762992,30.41501782,34.67639075,College Degree
30013,MT,Cascade,Northern Rockies & Plains,45569,10,29,2,25.3,12,White & Not Hispanic,69,66,7.577361198,31.45214817,33.64965468,College Degree
27059,MN,Isanti,Upper Midwest,68303,6,13,1,28.4,4,White & Not Hispanic,17,20,7.669723441,35.64101635,38.57334445,College Degree
12033,FL,Escambia,Southeast,45004,46,174,6,28.4,22,White & Not Hispanic,188,203,9.637412597,26.84397726,36.31568629,College Degree
37069,NC,Franklin,Southeast,49484,8,36,1,32.1,4,White & Not Hispanic,28,20,13.45477519,29.77150679,35.61756344,College Degree
1071,AL,Jackson,Southeast,41407,11,42,1,36.3,1,White & Not Hispanic,32,26,16.53819201,39.08414641,28.15751172,HS Diploma
36083,NY,Rensselaer,Northeast,63174,38,70,1,25.7,5,White & Not Hispanic,109,110,7.526785714,27.45267857,31.11964286,College Degree
5027,AR,Columbia,South,35322,3,18,1,35,2,White & Not Hispanic,21,7,13.19411161,41.70489558,24.61485793,HS Diploma
51145,VA,Powhatan,Southeast,78047,3,15,1,30.1,3,White & Not Hispanic,11,16,10.39644754,30.16846731,28.85460538,HS Diploma
12001,FL,Alachua,Southeast,45294,43,122,2,28.4,37,White & Not Hispanic,197,211,7.211608664,20.23850085,28.46617182,College Degree
20011,KS,Bourbon,South,44424,3,6,1,32.4,1,White & Not Hispanic,11,10,9.369817579,32.29684909,37.36525705,College Degree
47071,TN,Hardin,Ohio Valley,37039,7,20,1,32.8,3,White & Not Hispanic,12,25,17.20071086,41.95163983,24.34703,HS Diploma
35005,NM,Chaves,Southwest,40573,6,30,2,28.4,5,Hispanic,44,41,20.63403916,26.59053046,35.09911389,College Degree
51141,VA,Patrick,Southeast,38539,2,15,1,30.1,1,White & Not Hispanic,7,10,17.66358595,36.61367837,30.81700555,HS Diploma
48167,TX,Galveston,South,64155,52,175,7,33,27,White & Not Hispanic,244,238,10.41570307,24.59418624,32.87256677,College Degree
42133,PA,York,Northeast,62305,64,132,8,31.6,48,White & Not Hispanic,306,236,9.676036832,39.17558746,25.94999664,HS Diploma
37071,NC,Gaston,Southeast,48874,32,106,6,32.1,17,White & Not Hispanic,168,126,14.43126363,30.40052954,33.11636902,College Degree
12103,FL,Pinellas,Southeast,49974,199,444,13,28.4,120,White & Not Hispanic,655,906,8.378900782,27.22289614,31.90823413,College Degree
29021,MO,Buchanan,Ohio Valley,47517,10,39,3,32.5,8,White & Not Hispanic,75,57,11.18677531,37.27475028,29.6585072,HS Diploma
37051,NC,Cumberland,Southeast,45286,50,172,9,32.1,27,White & Not Hispanic,277,213,8.465312923,26.39222617,39.53320396,College Degree
40065,OK,Jackson,South,44211,1,13,1,36.5,3,White & Not Hispanic,18,18,14.315197,28.98061288,34.4590369,College Degree
27091,MN,Martin,Upper Midwest,48326,3,12,1,28.4,4,White & Not Hispanic,15,13,6.409617984,35.56946717,36.32353987,College Degree
18179,IN,Wells,Ohio Valley,56054,2,9,1,33.6,1,White & Not Hispanic,12,14,7.754179371,40.3269898,33.20365892,HS Diploma
18071,IN,Jackson,Ohio Valley,51871,8,26,1,33.6,3,White & Not Hispanic,34,27,11.19765661,40.5265961,30.40410093,HS Diploma
54107,WV,Wood,Ohio Valley,46737,11,44,3,38.1,10,White & Not Hispanic,81,59,9.051373558,33.88496971,35.1000083,College Degree
13275,GA,Thomas,Southeast,40199,7,45,1,31.6,6,White & Not Hispanic,39,32,13.92425834,31.00223156,30.95300604,HS Diploma
28029,MS,Copiah,South,34450,5,27,1,37.3,1,White & Not Hispanic,17,10,15.88497453,34.69333616,32.6188455,HS Diploma
37159,NC,Rowan,Southeast,47971,22,79,1,32.1,11,White & Not Hispanic,83,95,14.05037566,32.60561646,33.49960997,College Degree
51057,VA,Essex,Southeast,50033,2,10,1,30.1,1,White & Not Hispanic,11,14,17.21019108,35.82165605,30.75159236,HS Diploma
51153,VA,Prince William,Southeast,97549,64,122,11,30.1,54,White & Not Hispanic,295,259,10.823078,19.8981263,27.36117703,College Degree
55023,WI,Crawford,Upper Midwest,46698,5,9,1,32,1,White & Not Hispanic,9,15,8.190022135,39.23888983,33.62846927,HS Diploma
55097,WI,Portage,Upper Midwest,55064,8,27,1,32,9,White & Not Hispanic,43,70,5.917547384,31.93073631,28.72084898,HS Diploma
31141,NE,Platte,Northern Rockies & Plains,59288,5,21,1,32.8,5,White & Not Hispanic,23,19,9.972160102,29.64264525,37.00424444,College Degree
36043,NY,Herkimer,Northeast,49633,10,27,1,25.7,5,White & Not Hispanic,39,62,9.352419281,36.76026708,32.763194,HS Diploma
47011,TN,Bradley,Ohio Valley,45326,14,80,2,32.8,10,White & Not Hispanic,75,59,12.92619266,32.26560258,31.31858371,HS Diploma
17075,IL,Iroquois,Ohio Valley,47589,8,13,1,31.1,1,White & Not Hispanic,17,17,11.9160078,39.40342951,33.2785707,HS Diploma
23019,ME,Penobscot,Northeast,47076,30,113,4,29.1,15,White & Not Hispanic,85,118,7.127623233,33.42227475,30.87128731,HS Diploma
20133,KS,Neosho,South,42441,4,6,1,32.4,2,White & Not Hispanic,6,11,8.026010218,32.28982815,39.68416163,College Degree
42083,PA,McKean,Northeast,43082,12,25,1,31.6,2,White & Not Hispanic,28,31,8.221241058,46.82205565,26.00198515,HS Diploma
12105,FL,Polk,Southeast,46289,87,317,11,28.4,38,White & Not Hispanic,308,298,14.56381751,33.74108406,31.1073909,HS Diploma
48141,TX,El Paso,South,42048,116,241,16,33,70,Hispanic,601,536,21.04581418,23.15739725,31.76885196,College Degree
18173,IN,Warrick,Ohio Valley,65809,8,17,2,33.6,7,White & Not Hispanic,30,29,5.867376461,28.53836362,32.6165953,College Degree
53005,WA,Benton,Northwest,63474,29,66,5,27.7,24,White & Not Hispanic,114,132,8.978950194,23.60568997,35.8299145,College Degree
6101,CA,Sutter,West,51283,21,40,2,25.1,8,White & Not Hispanic,59,54,20.17057164,23.03034146,36.76801623,College Degree
37087,NC,Haywood,Southeast,45290,10,35,1,32.1,2,White & Not Hispanic,41,60,11.49092314,26.29286297,34.38479035,College Degree
18141,IN,St. Joseph,Ohio Valley,48960,41,99,9,33.6,34,White & Not Hispanic,206,193,10.1913346,29.96238818,28.86283546,HS Diploma
26107,MI,Mecosta,Upper Midwest,41759,8,25,2,32.3,2,White & Not Hispanic,19,30,8.525496472,36.51342111,32.03971776,HS Diploma
47105,TN,Loudon,Ohio Valley,56774,8,33,1,32.8,5,White & Not Hispanic,42,26,13.01702541,30.56393476,29.16048878,HS Diploma
5059,AR,Hot Spring,South,46313,6,15,1,35,2,White & Not Hispanic,18,10,12.53780816,38.4462399,33.6813756,HS Diploma
27053,MN,Hennepin,Upper Midwest,71184,232,327,19,28.4,207,White & Not Hispanic,991,966,6.357411732,15.87108359,26.74203548,College Degree
51171,VA,Shenandoah,Southeast,53810,9,32,1,30.1,2,White & Not Hispanic,20,31,11.9095784,41.03329801,27.40262659,HS Diploma
22109,LA,Terrebonne,South,49206,18,65,3,36.2,11,White & Not Hispanic,84,82,19.416427,38.83690471,25.96103212,HS Diploma
36009,NY,Cattaraugus,Northeast,46224,19,37,2,25.7,6,White & Not Hispanic,41,72,10.32527264,39.1503082,30.6173542,HS Diploma
5093,AR,Mississippi,South,35846,10,22,2,35,5,White & Not Hispanic,29,29,17.94719668,38.76816968,27.6957876,HS Diploma
27123,MN,Ramsey,Upper Midwest,60287,102,160,6,28.4,59,White & Not Hispanic,386,361,9.017647798,21.0568457,26.92587269,College Degree
18043,IN,Floyd,Ohio Valley,58703,10,25,2,33.6,4,White & Not Hispanic,72,48,9.040871732,30.29677563,30.52735319,College Degree
19059,IA,Dickinson,Upper Midwest,58019,2,13,1,36.4,4,White & Not Hispanic,20,29,4.087829946,26.32562485,37.36665888,College Degree
28093,MS,Marshall,South,37561,2,33,1,37.3,1,White & Not Hispanic,14,6,18.89474329,37.18906997,30.03716865,HS Diploma
40099,OK,Murray,South,48008,2,10,1,36.5,2,White & Not Hispanic,11,12,15.0764147,39.7976043,26.60057827,HS Diploma
